Date,Open,High,Low,Close,Adj Close,Volume
2019/1/2,32.66,34.619999,32.512501,34.055,33.814117,50875200
2019/1/3,33.447498,33.790001,31.922501,31.997499,31.771173,70555200
2019/1/4,32.735001,34.432499,32.424999,34.047501,33.806671,58562000
2019/1/7,34.625,36.2225,34.107498,35.849998,35.596416,70916000
2019/1/8,36.672501,36.695,34.224998,34.9575,34.710232,78601600
2019/1/9,35.474998,36.122501,34.965,35.645,35.392879,61726000
2019/1/10,35.450001,36.395,34.84,36.307499,36.050674,52315600
2019/1/11,36.0825,37.4375,35.802502,37.2075,36.944332,87476400
2019/1/14,36.68,37.865002,36.442501,37.610001,37.343971,73016800
2019/1/15,37.939999,38.337502,37.282501,37.467499,37.202484,61701200
2019/1/16,37.7425,38.075001,37.154999,37.209999,36.946793,47010400
2019/1/17,36.877499,38.3325,36.602501,37.93,37.661705,49343600
2019/1/18,38.432499,39.494999,37.912498,39.232498,38.954998,65133600
2019/1/22,38.927502,39.044998,36.887501,37.192501,36.929432,66155200
2019/1/23,37.75,38.645,37.0075,37.322498,37.05851,59102000
2019/1/24,38.174999,39.637501,38.127499,39.459999,39.180885,70897200
2019/1/25,38.860001,40.220001,37.825001,40.037498,39.754303,115457200
2019/1/28,34.137501,35.41,32.75,34.502499,34.258446,251152800
2019/1/29,34.037498,34.525002,32.752499,32.900002,32.66729,115393200
2019/1/30,33.6675,34.4925,32.865002,34.3475,34.104553,97422800
2019/1/31,34.314999,36.297501,34.095001,35.9375,35.6833,84285200
2019/2/1,36.125,36.697498,35.645,36.182499,35.926567,62504800
2019/2/4,36.342499,37.669998,36.119999,37.294998,37.031204,52859200
2019/2/5,37.415001,37.857498,37.075001,37.487499,37.222336,54242400
2019/2/6,37.822498,38.900002,37.767502,38.25,37.979446,70246400
2019/2/7,37.782501,37.805,36.422501,36.855,36.594315,63712000
2019/2/8,36.177502,37.150002,36.032501,37.0425,36.780487,46160400
2019/2/11,36.5975,37.145,36.125,36.612499,36.353523,49518000
2019/2/12,37,37.950001,36.855,37.7925,37.525188,59106000
2019/2/13,38.09,38.9575,37.952499,38.220001,37.949661,60537200
2019/2/14,38.209999,38.9175,37.775002,38.6325,38.359245,82726400
2019/2/15,40.737499,40.967499,39.105,39.334999,39.056763,151674800
2019/2/19,39.227501,39.9725,39.035,39.16,38.883018,55189200
2019/2/20,39.455002,40.314999,39.342499,39.637501,39.357132,54098800
2019/2/21,39.764999,40.012501,38.794998,38.942501,38.667053,44854800
2019/2/22,39.465,39.987499,39.327499,39.797501,39.515999,40174000
2019/2/25,40.639999,41.32,39.584999,39.672501,39.391884,65602000
2019/2/26,39.625,40.189999,38.9375,39.275002,38.9972,48846400
2019/2/27,39.130001,39.397499,38.2775,38.852501,38.57769,50025600
2019/2/28,38.75,38.974998,38.34,38.564999,38.33168,32494400
2019/3/1,39.067501,39.537498,38.48,39.112499,38.87587,35718800
2019/3/4,39.5,39.73,38.625,39.195,38.95787,40999200
2019/3/5,39.037498,39.514999,38.490002,39.130001,38.893265,36292400
2019/3/6,39.040001,39.125,37.985001,38.012501,37.782532,40352400
2019/3/7,37.775002,37.872501,36.849998,37.314999,37.089245,45010400
2019/3/8,36.415001,37.767502,36.200001,37.66,37.432167,42241600
2019/3/11,37.897499,40.514999,37.422501,40.285,40.041271,85972800
2019/3/12,40.564999,41.0975,39.797501,40.630001,40.38419,57957600
2019/3/13,41.0075,42.450001,40.932499,42.154999,41.89996,76890000
2019/3/14,42.247501,42.3675,41.3125,41.389999,41.139587,51938400
2019/3/15,41.825001,42.8825,41.790001,42.452499,42.195667,66148400
2019/3/18,42.77,43.3125,41.965,42.237499,41.981964,48699200
2019/3/19,43.189999,44.375,43.02,43.927502,43.661743,85497200
2019/3/20,44.220001,44.7575,43.25,43.599998,43.33622,71914800
2019/3/21,43.8325,46.25,43.782501,45.985001,45.706795,82431200
2019/3/22,45.709999,46.200001,44.235001,44.375,44.106533,74764400
2019/3/25,43.965,44.612499,42.7775,43.445,43.182163,52521200
2019/3/26,44.872501,45.4375,43.650002,44.217499,43.949978,70350800
2019/3/27,44.474998,44.942501,43.424999,44.125,43.858047,47437200
2019/3/28,44.387501,44.974998,43.7775,44.3125,44.044415,48026400
2019/3/29,44.985001,45.134998,44.477501,44.889999,44.618412,45689600
2019/4/1,45.814999,45.875,45.092499,45.57,45.294304,48382400
2019/4/2,45.8125,46.197498,45.380001,45.75,45.473213,44092000
2019/4/3,46.25,47.75,46.200001,47.154999,46.869713,78350400
2019/4/4,47,47.4925,46.432499,47.064999,46.780254,45737600
2019/4/5,47.5,47.912498,47.1325,47.737499,47.448696,48174400
2019/4/8,47.43,48.200001,47.1875,47.947498,47.657421,42419200
2019/4/9,47.610001,47.7225,46.889999,47.314999,47.028736,43997200
2019/4/10,47.307499,48.285,47.262501,48.025002,47.734455,44477200
2019/4/11,48.049999,48.3675,47.387501,47.884998,47.595291,37460000
2019/4/12,48.275002,48.314999,47.415001,47.502499,47.215107,47170800
2019/4/15,47.424999,47.474998,45.775002,46.174999,45.895638,44009200
2019/4/16,46.57,47.2425,46.240002,47.052502,46.767838,39496400
2019/4/17,47.404999,47.615002,46.5975,46.822498,46.539215,35100400
2019/4/18,46.889999,47.232498,46.294998,46.575001,46.293224,38098800
2019/4/22,46.337502,47.275002,46.02,47.1175,46.832443,27993600
2019/4/23,47.25,47.982498,47.1525,47.6675,47.379112,34685600
2019/4/24,47.772499,48.202499,47.16,47.7925,47.503345,31820400
2019/4/25,47.387501,47.612499,45.924999,46.727501,46.444798,49929600
2019/4/26,45.177502,45.2225,43.325001,44.522499,44.253139,86898800
2019/4/29,44.602501,45.112499,43.875,44.8325,44.561268,39192000
2019/4/30,44.5075,45.5075,44.314999,45.25,44.976246,36292000
2019/5/1,45.7775,46.202499,45.115002,45.1175,44.844547,35428000
2019/5/2,45.215,46.217499,44.779999,45.797501,45.520424,39468400
2019/5/3,45.8825,45.982498,45.1325,45.752499,45.475693,33682400
2019/5/6,43.875,45.084999,43.5,44.962502,44.690479,42217600
2019/5/7,44.474998,44.474998,42.7925,43.2775,43.015675,55522000
2019/5/8,43,44.287498,42.880001,43.48,43.216946,41916800
2019/5/9,42.785,42.8825,41.349998,42.547501,42.290085,66024800
2019/5/10,42.237499,42.897499,41,42.205002,41.949657,56950000
2019/5/13,40.875,41.107498,39.452499,39.612499,39.372841,65691200
2019/5/14,40.012501,40.865002,39.622501,40.509998,40.264915,52488000
2019/5/15,39.950001,40.262501,39.352501,39.895,39.653637,50232000
2019/5/16,39.84,40.477501,39.412498,40.047501,39.805218,78108800
2019/5/17,39.625,40.927502,38.735001,39.1325,38.895756,102206800
2019/5/20,38.137501,38.692501,37.6875,37.9375,37.707977,57206400
2019/5/21,38.549999,38.924999,38.16,38.764999,38.530479,36184800
2019/5/22,38.375,38.637501,37.939999,38.049999,37.819798,32586800
2019/5/23,37.422501,37.422501,36.227501,36.830002,36.607178,59184400
2019/5/24,37.02,37.375,36.220001,36.287498,36.067959,35758400
2019/5/28,36.465,36.794998,35.8125,35.8325,35.615711,42835600
2019/5/29,35.352501,35.705002,34.735001,35.084999,34.872738,55980000
2019/5/30,35.077499,35.4375,34.392502,34.7775,34.606552,39430000
2019/5/31,34.285,34.962502,33.8475,33.865002,33.698532,38972000
2019/6/3,33.977501,34.3675,33.150002,33.445,33.280605,47864400
2019/6/4,34.09,35.802502,33.8675,35.75,35.574272,64183600
2019/6/5,36.4925,36.547501,34.955002,35.32,35.146381,51161600
2019/6/6,35.362499,36.192501,35.337502,35.945,35.768318,40814000
2019/6/7,36.005001,36.720001,35.8125,36.375,36.196198,34885600
2019/6/10,36.939999,37.797501,36.939999,37.107498,36.925102,40278000
2019/6/11,37.709999,38.09,37.290001,37.6875,37.502247,38387200
2019/6/12,37.25,37.3125,36.397499,36.549999,36.370335,35889200
2019/6/13,36.772499,37.25,36.595001,37.064999,36.882809,30808000
2019/6/14,36.127499,36.372501,35.709999,36.16,35.982258,39442800
2019/6/17,36.142502,36.630001,35.912498,36.2575,36.079277,27604000
2019/6/18,36.875,38.7775,36.764999,38.220001,38.032127,58192000
2019/6/19,38.575001,38.689999,38.017502,38.279999,38.091843,33164400
2019/6/20,39.192501,39.3325,38.380001,38.525002,38.335629,35016800
2019/6/21,38.375,38.869999,37.875,37.939999,37.753506,43442800
2019/6/24,38.154999,38.462502,37.68,38.165001,37.977402,28294800
2019/6/25,38.215,38.970001,37.842499,37.869999,37.683853,31186800
2019/6/26,39.1525,40.43,39.022499,39.814999,39.619293,58407200
2019/6/27,40.677502,41,40.314999,40.807499,40.606918,44544000
2019/6/28,41.25,41.342499,40.587502,41.057499,40.855682,39766800
2019/7/1,43.142502,43.487499,41.165001,41.5425,41.338295,70975600
2019/7/2,41.375,41.587502,40.424999,40.557499,40.358139,40022800
2019/7/3,40.7925,40.849998,40.084999,40.6875,40.487499,24663600
2019/7/5,40.099998,40.145,39.419998,40.057499,39.860596,39655200
2019/7/8,39.4575,39.647499,39,39.302502,39.109306,32978800
2019/7/9,38.877499,39.610001,38.75,39.327499,39.13419,34286000
2019/7/10,39.764999,40.592499,39.625,40.014999,39.818306,45207600
2019/7/11,40.75,41.98,40.375,41.57,41.365662,68256000
2019/7/12,41.849998,42.6175,41.849998,41.9025,41.696526,50639200
2019/7/15,42.115002,42.2775,41.532501,41.817501,41.61195,28984000
2019/7/16,41.6675,42.0425,41.209999,41.77,41.564682,34144400
2019/7/17,41.787498,42.497501,41.4925,42.427502,42.218956,34820400
2019/7/18,42.532501,43.177502,41.962502,42.544998,42.335861,44219200
2019/7/19,42.93,42.994999,42.049999,42.110001,41.903008,34489600
2019/7/22,42.325001,42.959999,42.25,42.830002,42.619465,31594000
2019/7/23,43.224998,43.935001,43.067501,43.915001,43.699139,42817600
2019/7/24,44.349998,44.7225,43.584999,44.665001,44.44545,36623600
2019/7/25,44.247501,44.375,43.110001,43.345001,43.131947,39270000
2019/7/26,43.6175,44.237499,43.6175,43.767502,43.552361,27416000
2019/7/29,43.695,43.8675,42.817501,43.705002,43.49017,24816000
2019/7/30,43.237499,43.985001,43.092499,43.862499,43.646896,19777200
2019/7/31,43.544998,43.555,41.755001,42.18,41.972664,35941600
2019/8/1,42.285,43.195,40.705002,41.23,41.027336,42121200
2019/8/2,40.297501,40.994999,39.82,40.297501,40.099415,42834800
2019/8/5,38.450001,38.462502,37.224998,37.697498,37.512196,58915600
2019/8/6,38.450001,38.907501,37.607498,38.087502,37.900288,36127200
2019/8/7,37.474998,38.592499,37.299999,38.4725,38.28339,37256000
2019/8/8,39.052502,39.577499,38.474998,39.564999,39.370518,30930000
2019/8/9,39.1525,39.1875,38.037498,38.544998,38.355537,34181600
2019/8/12,38.02,38.544998,37.642502,37.862499,37.67638,27920000
2019/8/13,37.8475,39.474998,37.455002,39.012501,38.820736,35195600
2019/8/14,38.125,38.237499,37.077499,37.517502,37.333084,41988000
2019/8/15,37.7075,37.907501,36.8475,37.192501,37.009689,47720000
2019/8/16,39.837502,40.384998,39.220001,39.889999,39.693913,100796000
2019/8/19,41.029999,42.855,40.8675,42.695,42.485138,81511200
2019/8/20,42.639999,42.645,41.755001,41.967499,41.761215,46318800
2019/8/21,42.6325,43.362499,42.415001,42.807499,42.597073,42724400
2019/8/22,42.904999,43.3325,42.474998,42.869999,42.659267,30348800
2019/8/23,42.099998,42.647499,40.41,40.610001,40.410381,56805600
2019/8/26,41.4025,41.645,40.977501,41.362499,41.159184,31820800
2019/8/27,41.747501,41.775002,40.154999,40.450001,40.251163,29096800
2019/8/28,40.145,40.834999,39.75,40.305,40.146584,25561200
2019/8/29,41.224998,42.075001,41.189999,41.75,41.585903,35797600
2019/8/30,42.215,42.715,41.695,41.877499,41.712898,29061600
2019/9/3,41.145,41.477501,40.8125,41.0425,40.88118,29614000
2019/9/4,41.6525,42.264999,41.6525,42.189999,42.024174,22772800
2019/9/5,43.217499,44.997501,43.200001,44.935001,44.758392,69567600
2019/9/6,44.700001,45.272499,44.279999,44.662498,44.486958,37697600
2019/9/9,44.974998,45.994999,44.959999,45.125,44.947636,41752400
2019/9/10,44.794998,46.0625,44.697498,45.794998,45.614998,35281200
2019/9/11,45.942501,46.567501,45.650002,46.0825,45.901371,36151200
2019/9/12,46.549999,47.099998,45.987499,46.067501,45.886436,32784000
2019/9/13,45.397499,45.77,45.044998,45.485001,45.306225,32459200
2019/9/16,44.73,45.400002,44.625,45.052502,44.875423,23183200
2019/9/17,45.119999,45.310001,44.6525,45.267502,45.089581,22304800
2019/9/18,45.197498,45.355,44.125,44.994999,44.818153,25815200
2019/9/19,45.055,45.240002,44.127499,44.235001,44.061134,24547600
2019/9/20,44.224998,44.462502,43.07,43.172501,43.002811,35024400
2019/9/23,43.174999,44.1675,43.137501,43.709999,43.538197,24971200
2019/9/24,44.025002,44.322498,42.775002,43.1325,42.962967,31726800
2019/9/25,43.127499,44.755001,42.677502,44.557499,44.38237,30843200
2019/9/26,44.459999,44.547501,43.822498,44.334999,44.160744,23456400
2019/9/27,43.915001,44.424999,42.330002,42.939999,42.771225,36205600
2019/9/30,43.200001,43.619999,42.884998,43.517502,43.346458,18618400
2019/10/1,43.75,45.25,43.452499,43.5,43.329029,36600800
2019/10/2,43.279999,43.400002,42.532501,43.259998,43.089958,29337200
2019/10/3,43.305,45.389999,43,45.327499,45.149342,45058800
2019/10/4,45.349998,45.787498,44.695,45.4925,45.313694,26552400
2019/10/7,46.145,47.084999,46.057499,46.0825,45.901371,48098400
2019/10/8,45.16,45.16,44.125,44.307499,44.133347,44443600
2019/10/9,45.080002,45.674999,44.790001,45.177502,44.999931,29241200
2019/10/10,45.154999,46.27,45.102501,45.7575,45.577648,30912400
2019/10/11,46.602501,47.334999,46.412498,46.497501,46.314747,44640400
2019/10/14,46.41,46.842499,46.0975,46.6325,46.449219,20004000
2019/10/15,47.540001,49.822498,47.400002,49.092499,48.89954,66412400
2019/10/16,48.75,49.805,48.4375,48.552502,48.361668,42894400
2019/10/17,49,49.452499,48.025002,48.572498,48.381588,26343600
2019/10/18,48.577499,48.904999,46.875,47.622501,47.435326,30744000
2019/10/21,48.240002,49.137501,48.049999,49.002499,48.809898,26186800
2019/10/22,49.575001,50.6325,48.825001,48.9025,48.710293,32872000
2019/10/23,48.077499,48.915001,47.7575,48.772499,48.580807,27991600
2019/10/24,49.1875,49.552502,48.845001,49.215,49.021564,23202000
2019/10/25,50.025002,51.345001,49.947498,51.134998,50.934013,42309200
2019/10/28,51.575001,52.224998,51.279999,51.697498,51.494305,33079200
2019/10/29,51.557499,51.622501,50.535,50.73,50.530609,21123600
2019/10/30,51,51.057499,50.064999,50.75,50.550529,20596000
2019/10/31,50.540001,50.75,49.452499,50.255001,50.05748,20973200
2019/11/1,49.900002,50.9725,49.647499,50.647499,50.448433,28364000
2019/11/4,51.462502,52.75,51.23,52.625,52.418159,37671600
2019/11/5,52.622501,52.884998,51.919998,52.4025,52.196533,30086800
2019/11/6,52.16,52.4175,51.0275,51.907501,51.703484,26901200
2019/11/7,52.7775,52.924999,51.634998,52.084999,51.880287,28034000
2019/11/8,51.915001,52.262501,51.537498,51.945,51.740829,18910000
2019/11/11,51.9375,52.2775,51.07,52.044998,51.840439,24343600
2019/11/12,52.43,52.965,52.077499,52.4025,52.196533,28350400
2019/11/13,52.087502,52.365002,51.474998,52.142502,51.937565,30018800
2019/11/14,52.232498,52.470001,51.630001,52.447498,52.241356,51808000
2019/11/15,52.424999,52.945,50.16,51.047501,50.846855,105362800
2019/11/18,50.9725,53.337502,50.942501,53.07,52.861416,57458800
2019/11/19,52.7575,52.994999,51.412498,51.997501,51.793125,41456400
2019/11/20,51.767502,53.637501,51.639999,52.794998,52.587494,47258800
2019/11/21,52.75,53.310001,52.327499,52.544998,52.338474,28838800
2019/11/22,52.772499,53.240002,52.485001,52.7225,52.515282,22410000
2019/11/25,54.009998,55.352501,53.880001,55.302502,55.085133,50647600
2019/11/26,55.125,55.172501,54.185001,54.25,54.03677,38524400
2019/11/27,54.6675,55.012501,54.294998,54.560001,54.385658,21578400
2019/11/29,54.25,54.535,53.945,54.185001,54.011852,14155600
2019/12/2,54.115002,54.25,52.16,52.3125,52.145332,37203600
2019/12/3,50.467499,51.955002,50.092499,51.915001,51.749104,46523200
2019/12/4,52.755001,52.98,52.067501,52.355,52.187698,27342400
2019/12/5,52.575001,52.732498,51.877499,52.185001,52.018246,18488400
2019/12/6,52.880001,53.372501,52.779999,53.0425,52.873001,23223600
2019/12/9,52.8125,53.592499,52.724998,53.0425,52.873001,21188000
2019/12/10,53.345001,54.014999,52.814999,53.494999,53.324051,25638800
2019/12/11,53.599998,54.389999,53.575001,54.334999,54.161373,23379600
2019/12/12,54.044998,56.200001,53.955002,56.017502,55.838501,40434800
2019/12/13,56.047501,57.244999,55.455002,55.997501,55.818565,45470400
2019/12/16,56.474998,57.014999,56.192501,56.287498,56.107635,32097600
2019/12/17,56.474998,57.299999,56.380001,57.072498,56.890129,32119600
2019/12/18,57.422501,57.985001,57.337502,57.377499,57.194149,34354800
2019/12/19,57.724998,59,57.674999,58.865002,58.676899,44536000
2019/12/20,59.532501,60.0975,59.34,59.842499,59.651272,60304400
2019/12/23,60.130001,60.452499,59.5975,59.705002,59.514214,35506000
2019/12/24,59.549999,59.827499,59.205002,59.654999,59.464371,13886400
2019/12/26,59.689999,60.080002,59.5,59.797501,59.606422,18285200
2019/12/27,59.950001,60.084999,58.952499,59.217499,59.028271,25464400
2019/12/30,58.997501,59.049999,57.764999,58.080002,57.894409,25805600
2019/12/31,57.724998,58.919998,57.532501,58.825001,58.637016,23100400
2020/1/2,59.6875,59.977501,59.18,59.977501,59.785847,23753600
2020/1/3,58.775002,59.4575,58.525002,59.017502,58.828911,20538400
2020/1/6,58.080002,59.317501,57.817501,59.264999,59.075615,26263600
2020/1/7,59.549999,60.442501,59.0975,59.982498,59.790825,31485600
2020/1/8,59.939999,60.509998,59.537498,60.095001,59.902973,27710800
2020/1/9,60.962502,61.482498,60.215,60.755001,60.560856,25511200
2020/1/10,61.8325,62.137501,60.9375,61.080002,60.884823,31629600
2020/1/13,61.915001,63.247501,61.6875,62.994999,62.793697,31984000
2020/1/14,62.564999,62.82,61.6875,61.82,61.622456,35908800
2020/1/15,61.947498,62.172501,61.1325,61.392502,61.196327,26310400
2020/1/16,61.93,62.2925,61.695,62.232498,62.033623,28419200
2020/1/17,62.424999,62.5,61.842499,62.32,62.12085,25379200
2020/1/21,61.952499,62.322498,61.642502,61.985001,61.78693,21791600
2020/1/22,62.439999,63.397499,62.25,62.5275,62.327694,23924000
2020/1/23,62.93,63.299999,62.037498,63.215,63.013,24451600
2020/1/24,64.375,64.875,62.075001,62.619999,62.419895,37351200
2020/1/27,59.560001,60.5625,58.057499,60.049999,59.858109,47053600
2020/1/28,60.712502,62.317501,60.177502,61.9925,61.794399,31097600
2020/1/29,61.8475,62.209999,60.985001,61.384998,61.188839,25884800
2020/1/30,60.4025,61.587502,59.849998,61.452499,61.256123,29050400
2020/1/31,60.9925,61.112499,58.6875,59.107498,58.918617,37042000
2020/2/3,58.924999,60.2775,58.862499,60.0825,59.890503,25556400
2020/2/4,61.5075,61.974998,61.005001,61.782501,61.585075,27154400
2020/2/5,62.997501,63.099998,61.852501,62.689999,62.489677,20822000
2020/2/6,63.035,63.5625,62.220001,63.5625,63.359386,21828400
2020/2/7,63.16,63.3825,62.642502,62.897499,62.696514,18975200
2020/2/10,63.125,65.75,63.075001,65.7425,65.532417,52960800
2020/2/11,66.830002,68.125,66.207497,66.972504,66.758492,63855600
2020/2/12,67.502502,68.199997,67.112503,68.135002,67.917259,37464400
2020/2/13,67.552498,68.370003,67.277496,67.695,67.478683,52801600
2020/2/14,71.815002,73.7425,71.5,72.447502,72.215996,104192400
2020/2/18,71.410004,74.327499,71.214996,74.142502,73.905579,62016400
2020/2/19,75.372498,78.852501,75.372498,78.675003,78.423592,69433200
2020/2/20,78.192497,79.080002,74.087502,77.175003,76.928391,81005200
2020/2/21,76.047501,76.300003,72.665001,73.517502,73.28257,76818000
2020/2/24,67.547501,70.467499,67,68.32,68.101677,85691600
2020/2/25,69.074997,69.697502,64.489998,65.512497,65.303154,105549600
2020/2/26,65.514999,68.862503,65.5,66.912498,66.698685,74773200
2020/2/27,63.724998,66.75,62.2225,63.150002,62.985851,90641600
2020/2/28,60.615002,68.114998,60.447498,67.517502,67.34201,113325200
2020/3/2,69.224998,69.397499,65.25,69.107498,68.927856,89074400
2020/3/3,69.667503,70.267502,65.614998,66.472504,66.299728,65279200
2020/3/4,67.550003,71.222504,66.800003,71.127502,70.942612,59740800
2020/3/5,69.125,70.800003,67.875,68.322502,68.144913,54032800
2020/3/6,66.519997,67.097504,64.5,66.510002,66.337128,51541200
2020/3/9,59.974998,64.849998,59.544998,61.360001,61.200504,61416000
2020/3/10,64.135002,65.269997,61.497501,65.269997,65.100349,58064800
2020/3/11,63.865002,64.150002,60.642502,61.6175,61.457336,49996400
2020/3/12,56.365002,59.029999,53.950001,54.077499,53.936939,81654000
2020/3/13,57.625,60.255001,54.9025,60.209999,60.053497,63483600
2020/3/16,53.102501,56.525002,48.5,49.099998,48.972378,72697200
2020/3/17,50.227501,55.215,47.75,54.317501,54.176311,83363200
2020/3/18,50.025002,52.485001,45.169998,50.705002,50.573208,87426800
2020/3/19,50.490002,54.182499,48.3475,53.2425,53.104107,76551200
2020/3/20,54.75,57.580002,51.282501,51.4375,51.303799,80463600
2020/3/23,51.427502,54.119999,49.630001,53.172501,53.034294,64387600
2020/3/24,57.25,63.165001,57.012501,62.294998,62.133076,110164400
2020/3/25,63.450001,65.455002,60.915001,61.404999,61.245388,79343200
2020/3/26,63.485001,65.555,62.5,64.309998,64.142838,69610800
2020/3/27,62.5,65.779999,62.169998,63.182499,63.01828,63882800
2020/3/30,63.84,66.489998,63.397499,66.397499,66.224915,60225200
2020/3/31,66.800003,68.849998,64.4375,65.900002,65.728706,94996000
2020/4/1,63.912498,65.3825,60.32,60.767502,60.60955,65691200
2020/4/2,61.060001,64,60.577499,63.8675,63.701492,67576400
2020/4/3,63.490002,63.907501,59.5975,60.977501,60.819004,66321200
2020/4/6,63.810001,67.470001,63.232498,67.099998,66.925583,72788400
2020/4/7,69.324997,69.5625,64.324997,64.7575,64.589172,78452000
2020/4/8,65.852501,66.987503,65.150002,66.737503,66.564041,54244400
2020/4/9,68,68.230003,65.105003,65.737503,65.566635,52556400
2020/4/13,65.137497,67.550003,64.25,67.462502,67.287148,39840800
2020/4/14,68.75,71.330002,68.472504,70.987503,70.802994,53094800
2020/4/15,69.300003,71.042503,68.845001,70.209999,70.027512,36614800
2020/4/16,71.769997,74.75,71.637497,73.675003,73.483505,74562000
2020/4/17,74.5,74.714996,71.735001,73.080002,72.890045,53912000
2020/4/20,71.809998,73.375,71.317497,71.762497,71.575966,44938800
2020/4/21,70.577499,71.192497,66.777496,67.377502,67.20237,73516000
2020/4/22,69.307503,71.967499,68.849998,71.537498,71.351555,48335600
2020/4/23,71.959999,73.285004,70.75,71.002502,70.81794,42416000
2020/4/24,70.900002,72.417503,70.150002,72.397499,72.209312,35232800
2020/4/27,73.747498,75.875,73.5,74.269997,74.076935,47938800
2020/4/28,75.75,76.050003,72.785004,72.839996,72.650665,44290400
2020/4/29,74.192497,75.144997,73.4375,74.614998,74.421066,37916000
2020/4/30,74.072502,74.614998,72.93,73.07,72.880066,37591600
2020/5/1,71.087502,72.224998,70.209999,70.695,70.511238,34209600
2020/5/4,70.220001,72.959999,70.220001,72.822502,72.633217,31755600
2020/5/5,73.8675,75.067497,72.822502,73.434998,73.24411,36889600
2020/5/6,74.232498,75.5,73.852501,74.447502,74.253983,32346400
2020/5/7,75.845001,76.852501,75.330002,76.217499,76.019394,37373200
2020/5/8,76.9375,78.1875,76.597504,78.125,77.921928,33921600
2020/5/11,78.074997,81.125,77.787498,80.654999,80.445358,46906000
2020/5/12,81.235001,81.724998,77.927498,78.025002,77.822197,49306000
2020/5/13,79.175003,80.785004,75.947502,77.800003,77.597794,62585200
2020/5/14,78.417503,80.360001,76.875,80.305,80.096268,60231200
2020/5/15,78.897499,85.004997,78.739998,84.907501,84.686798,98766000
2020/5/18,87.605003,89.165001,86.805,87.502502,87.27507,77446000
2020/5/19,87.902496,90.875,87.627502,88.055,87.826111,71732000
2020/5/20,89.910004,90.43,88.887497,89.699997,89.466843,58753600
2020/5/21,90.514999,90.525002,87.375,87.752502,87.524414,76106800
2020/5/22,88.252502,90.93,87.1325,90.262497,90.02787,103876400
2020/5/26,91.567497,91.817497,86.720001,87.177498,86.950897,77078000
2020/5/27,86.25,86.327499,79.967499,85.252502,85.030914,117589200
2020/5/28,84.122498,87.605003,83.792503,84.870003,84.649399,73489600
2020/5/29,85.544998,88.754997,84.849998,88.754997,88.524292,74525600
2020/6/1,88.332497,88.407501,86.894997,88.0625,87.833611,38987600
2020/6/2,87.962502,88.372498,86.580002,88.252502,88.023102,39132000
2020/6/3,88.222504,88.662498,87,87.695,87.467049,36544000
2020/6/4,87.279999,89.432503,86.775002,87.665001,87.477043,42428000
2020/6/5,87.945,89.970001,87.080002,89.199997,89.008751,48174800
2020/6/8,88.772499,88.897499,86.857498,88.050003,87.861206,38773600
2020/6/9,88,91.097504,87.512497,90.459999,90.26606,46848800
2020/6/10,91.677498,95,91.535004,93.667503,93.466675,63218000
2020/6/11,91.5,92.612503,87.860001,87.962502,87.773895,58365200
2020/6/12,91.625,91.872498,87.032501,89.324997,89.133484,57090800
2020/6/15,88.152496,91.822502,87.4375,91.737503,91.540802,40000400
2020/6/16,92.25,92.667503,88.387497,90.684998,90.490555,53571600
2020/6/17,91.137497,92.989998,90.702499,92.360001,92.16198,40830400
2020/6/18,92.269997,92.824997,91.144997,92.18,91.982353,25440800
2020/6/19,92.425003,94.449997,92.272499,92.612503,92.413925,52416000
2020/6/22,93,95.3125,92.732498,95.267502,95.06324,39846800
2020/6/23,95.510002,96.425003,94.074997,94.5,94.297386,37510800
2020/6/24,94.762497,95.565002,91.445,92.355003,92.156982,44937200
2020/6/25,93.557503,95.050003,91.822502,94.900002,94.696526,37607200
2020/6/26,95,95,91.25,91.550003,91.353714,59208400
2020/6/29,91.697502,92.044998,89,92,91.802742,34224800
2020/6/30,93.139999,95.262497,92.665001,94.977501,94.773849,36789200
2020/7/1,95.207497,95.7575,94.129997,95.300003,95.09568,32664800
2020/7/2,96.389999,97.375,95.782501,96.122498,95.916405,36405600
2020/7/6,97.417503,99.087502,97.125,98.392502,98.181534,31589200
2020/7/7,99.462502,100.699997,98.5075,98.717499,98.505844,35780000
2020/7/8,99.9375,102.25,99.654999,102.160004,101.940964,36548000
2020/7/9,103.802498,105.699997,102.334999,105.089996,104.864677,49454800
2020/7/10,105.887497,106.552498,103.787498,104.792503,104.567818,49767600
2020/7/13,105.949997,107.922501,100.25,100.522499,100.306969,45707600
2020/7/14,100.75,104.027496,97.855003,103.769997,103.547508,54267600
2020/7/15,104.142502,104.330002,100.557503,102.272499,102.0532,40398400
2020/7/16,100.150002,102.067497,98.955002,101.347504,101.130196,34496400
2020/7/17,102.254997,102.485001,100.877502,102.014999,101.796265,26628400
2020/7/20,102.7425,105.3125,101.567497,105.107498,104.882141,28485200
2020/7/21,105.129997,105.599998,102.8675,103.285004,103.063553,27703600
2020/7/22,103.675003,106.025002,102.915001,104.387497,104.163681,36729200
2020/7/23,104.5,105.470001,100.3125,101.297501,101.080307,41166000
2020/7/24,98.75,103.647499,97.769997,101.945,101.72641,47329200
2020/7/27,102.322502,104.417503,102.177498,104.214996,103.991554,29213200
2020/7/28,103.7425,103.82,102.092499,102.154999,101.935966,27163600
2020/7/29,103.907501,105.162498,103.470001,104.654999,104.430603,28450800
2020/7/30,103.75,106.230003,102.952499,106.139999,105.912415,30888000
2020/7/31,105.6325,107.665001,104.330002,106.147499,105.919914,38608000
2020/8/3,107.324997,110.987503,107.152496,110.102501,109.86644,41272000
2020/8/4,110.5,112.277496,109.059998,112.277496,112.036766,31033600
2020/8/5,112.440002,113.717499,111.662498,112.8675,112.625504,24992400
2020/8/6,113.497498,113.580002,111.787498,113.355003,113.111946,24431600
2020/8/7,113.125,115.047501,110.375,111.995003,111.754875,34251600
2020/8/10,113.342499,114.082497,108.565002,111.650002,111.410614,42779600
2020/8/11,110.737503,111.3675,107.957497,108.5,108.267365,35451200
2020/8/12,109.907501,114.669998,109.582497,114.402496,114.157219,46441200
2020/8/13,115.459999,117.217499,113.557503,114.43,114.184654,37446000
2020/8/14,115.300003,117.047501,114.404999,115.639999,115.392059,36643600
2020/8/17,118.512497,124.097504,118.172501,123.370003,123.105484,62130000
2020/8/18,124.5,124.959999,120.862503,122.607498,122.344612,50344800
2020/8/19,122.964996,123.150002,120.980003,121.385002,121.124748,62262400
2020/8/20,119.75,123.75,118.787498,121.410004,121.149681,92138800
2020/8/21,122.017502,128.087494,121.952499,126.834999,126.563049,99986800
2020/8/24,128.837494,129.125,125.074997,127.202499,126.929771,49056400
2020/8/25,126.307503,127.612503,125.737503,127.5,127.226631,28907600
2020/8/26,127.9925,128.684998,126.777496,127.730003,127.456139,32124400
2020/8/27,127.815002,128.5,125.665001,126.282501,126.011726,31760400
2020/8/28,126.75,131.479996,126.425003,131.477493,131.195572,53716000
2020/8/31,131.827499,135.75,130.377502,133.744995,133.458252,50084000
2020/9/1,134.800003,139.9375,134.365005,138.210007,137.954941,51131600
2020/9/2,147.037506,147.267502,139,143.464996,143.200226,87401200
2020/9/3,138.287506,138.845001,128.787506,130.154999,129.91478,94512800
2020/9/4,127.837502,131.75,117.047501,126.224998,125.992043,146368400
2020/9/8,117.345001,125.5,117.042503,119.129997,118.910133,79572800
2020/9/9,124,128.092499,122.317497,127.150002,126.915329,73620000
2020/9/10,129.892502,130.652496,121.669998,123.1175,122.890274,69868400
2020/9/11,124.855003,126.525002,118.957497,121.644997,121.420486,63692800
2020/9/14,130.809998,133.149994,126.3125,128.722504,128.484955,120174400
2020/9/15,132.800003,132.987503,128.277496,129.910004,129.670242,72755600
2020/9/16,129.572495,130.927505,125.137497,125.144997,124.914032,55638400
2020/9/17,121.322502,125.897499,120.347504,124.635002,124.404984,79251200
2020/9/18,125.9375,126.324997,119.887497,121.892502,121.667542,69846000
2020/9/21,119.25,125.224998,119.044998,125.172501,124.941483,72104400
2020/9/22,125.75,126.480003,121.555,126.377502,126.144257,64645200
2020/9/23,125.754997,127.269997,120.792503,121.237503,121.013756,64701200
2020/9/24,120.722504,125.695,120.139999,123.480003,123.252113,73124000
2020/9/25,124.474998,128.835007,122.457497,128.737503,128.499924,58801600
2020/9/28,130.402496,130.517502,127.5,130.350006,130.109451,57380800
2020/9/29,129.375,134.427505,129.332504,132.257507,132.013428,62146000
2020/9/30,131.574997,136.225006,131.502502,135.304993,135.055267,68918400
2020/10/1,137.580002,137.627502,134.607498,136.145004,135.893738,52500400
2020/10/2,132.25,135.195007,130.509995,130.622498,130.381424,55249600
2020/10/5,132.360001,136.442505,132.227493,136.425003,136.173218,47982000
2020/10/6,138.300003,141.419998,136.649994,137.365005,137.111465,78442000
2020/10/7,139.997498,141.192505,138.634995,139.639999,139.382278,41808400
2020/10/8,140.75,140.845001,137.580002,138.387497,138.13208,37890000
2020/10/9,137.669998,138.242493,136.607498,137.627502,137.373505,34689200
2020/10/12,139.895004,143.470001,139.125,142.259995,141.997452,43474400
2020/10/13,142.964996,143.485001,140.1875,142.482498,142.219559,34460400
2020/10/14,142.904999,143.427505,139.600006,140.952499,140.692352,27610000
2020/10/15,138.107498,140.057495,137.677505,139.699997,139.442169,26722400
2020/10/16,140.367493,141.214996,137.925003,138.115005,137.860092,24239200
2020/10/19,139.029999,139.835007,134.067505,134.977493,134.728378,29806800
2020/10/20,135.835007,137.997498,135.070007,136.455002,136.203171,22921200
2020/10/21,136.25,137.914993,134.774994,135.247498,134.997894,21959600
2020/10/22,135.225006,136.117493,132.317505,133.610001,133.363403,29048000
2020/10/23,134.5,135.932495,132.912506,135.902496,135.651688,23348400
2020/10/26,134.270004,136.927505,130.384995,131.412506,131.169983,33689600
2020/10/27,133.059998,134.419998,131.914993,133.967499,133.72023,25052000
2020/10/28,131.979996,132.600006,126.089996,126.269997,126.036957,37652000
2020/10/29,128.384995,131.927505,127.5,130.240005,129.999649,32008000
2020/10/30,128.5,129.365005,123,125.339996,125.108665,41682000
2020/11/2,126.577499,128.367493,123.949997,125.807503,125.575302,29965200
2020/11/3,127.084999,131.050003,126.027496,130.195007,129.954712,27290000
2020/11/4,133.892502,138.274994,133.369995,137.942505,137.687927,41022800
2020/11/5,141.625,143.389999,139.910004,141.600006,141.338684,31902800
2020/11/6,141.097504,145.887497,138.949997,145.619995,145.351227,38334800
2020/11/9,145.524994,146.914993,136.107498,136.307495,136.055923,58297600
2020/11/10,136.065002,136.065002,126.282501,127.699997,127.464325,64406800
2020/11/11,130.537506,134.350006,129.482498,134.179993,133.932327,40474400
2020/11/12,134.789993,137.660004,133.160004,134.567505,134.319168,36581200
2020/11/13,136.272507,136.6875,130.592499,132.970001,132.724609,34631200
2020/11/16,131.725006,136.494995,131.559998,135.152496,134.903046,41377600
2020/11/17,135.524994,135.962494,133.037506,134.222504,133.974808,31202800
2020/11/18,134.652496,136.057495,131.850006,134.287506,134.039658,51092400
2020/11/19,132.127502,134.875,131,134.402496,134.154449,56593600
2020/11/20,134.539993,134.945007,130.649994,130.877502,130.635971,34108800
2020/11/23,131.712494,133.824997,130.154999,131.399994,131.157471,36135600
2020/11/24,131.425003,131.619995,128.850006,129.577499,129.338348,34650000
2020/11/25,130.324997,132.695007,130.199997,132.347504,132.103271,25991600
2020/11/27,133.75,134.074997,131.705002,132.612503,132.367783,16727600
2020/11/30,132.649994,134.125,129.722504,134.014999,133.767685,28695200
2020/12/1,134.922501,135.287506,132.282501,133.899994,133.652878,29694800
2020/12/2,133.505005,136.735001,132.342499,135.445007,135.195053,28336000
2020/12/3,135.875,136.600006,133.289993,133.960007,133.752274,19952000
2020/12/4,134.485001,135.600006,133.887497,135.582504,135.372253,20224400
2020/12/7,136.012497,137.3125,135,136.067505,135.856537,22324400
2020/12/8,135.850006,135.987503,132.815002,133.5,133.292984,27192000
2020/12/9,133.005005,134.139999,128.682495,129.307495,129.106964,40130000
2020/12/10,128.690002,130.6875,128.494995,129.722504,129.521362,20776400
2020/12/11,129.672501,130.199997,128.229996,130.132507,129.93071,20926400
2020/12/14,130.880005,133.887497,130.774994,133.087494,132.881119,27015600
2020/12/15,134.397507,134.639999,131.867493,133.604996,133.397827,19301600
2020/12/16,134.225006,134.372498,132.125,132.425003,132.21965,22311600
2020/12/17,133.667496,133.794998,131.785004,133.412506,133.205643,23138400
2020/12/18,133.789993,134.050003,130.705002,132.720001,132.514191,34206400
2020/12/21,130.747498,133.699997,129.675003,133.322495,133.115768,30233200
2020/12/22,133.192505,133.372498,130.539993,132.782501,132.576614,18558000
2020/12/23,132.559998,132.75,130.050003,130.092499,129.890778,17914400
2020/12/24,130.372498,131.324997,129.387497,129.9375,129.736008,9788400
2020/12/28,130.625,130.625,127.6325,129,128.799973,21256400
2020/12/29,129.25,130.725006,128.422501,129.432495,129.231796,17037200
2020/12/30,129.902496,132.137497,128.967499,131.457504,131.253662,22539600
2020/12/31,131.365005,131.509995,129.149994,130.550003,130.347565,19242400
2021/1/4,131.042496,136.524994,129.625,131.134995,130.931656,56064000
2021/1/5,130.997498,134.434998,130.869995,134.047501,133.83963,32276000
2021/1/6,132.225006,132.449997,125.860001,126.144997,125.949379,58042400
2021/1/7,129.675003,133.777496,128.865005,133.440002,133.233078,46148000
2021/1/8,133.625,134.210007,130.419998,132.767502,132.561615,29252800
2021/1/11,134.1875,139.610001,133.625,136.214996,136.003784,51834400
2021/1/12,137.524994,137.544998,133.449997,134.847504,134.638412,29147600
2021/1/13,134.899994,136.25,133.850006,135.317505,135.107666,21002800
2021/1/14,135.75,135.997498,131.804993,132.002502,131.797806,28312000
2021/1/15,132.279999,133.252502,128.485001,128.595001,128.395599,27778000
2021/1/19,130.162506,130.940002,128.440002,130.252502,130.050522,22618800
2021/1/20,131.117493,134.304993,130.567505,133.657501,133.450241,25857200
2021/1/21,134.184998,139.992493,132.529999,138.675003,138.459991,33778000
2021/1/22,137.399994,138.417496,136.272507,137.125,136.912354,24682000
2021/1/25,137.817505,138.285004,132.365005,136.532501,136.320786,25111200
2021/1/26,135.804993,136.447495,133.875,134.352493,134.14415,16398000
2021/1/27,132.300003,132.327499,127.9375,129.177505,128.977188,37127200
2021/1/28,129.962494,133.397507,129.604996,130.509995,130.307617,22831600
2021/1/29,130.75,133.347504,129.115005,129.897507,129.696075,27155200
2021/2/1,130.532501,132.707504,129.027496,132.369995,132.164719,21720400
2021/2/2,133.987503,135.720001,132.854996,135.567505,135.357285,22044000
2021/2/3,136.360001,139.317505,135.164993,135.304993,135.095154,24540800
2021/2/4,135.309998,136.735001,133.377502,136.642502,136.430618,20134000
2021/2/5,137.25,137.372498,135.457504,135.910004,135.699249,16915200
2021/2/8,137.272507,144.737503,137.272507,144.387497,144.163605,43462400
2021/2/9,143.407501,145.832504,142.225006,142.632507,142.411331,28756000
2021/2/10,144.632507,149.050003,143.414993,147.642502,147.413559,48535200
2021/2/11,149.802505,152.722504,149.25,152.507507,152.271011,45082800
2021/2/12,150.5,152.912506,147.75,149.612503,149.380493,37475600
2021/2/16,150.642502,153.725006,149.5,153.302505,153.064789,32196000
2021/2/17,151.710007,152.235001,147.800003,149.059998,148.828873,27475600
2021/2/18,147.289993,148.732498,145.75,148.289993,148.060043,23386800
2021/2/19,150.244995,151.770004,148.467499,149.264999,149.033539,27172400
2021/2/22,147.747498,151.332504,143.25,143.557495,143.334869,32588400
2021/2/23,140.752502,142.387497,133.895004,141.419998,141.200699,39178000
2021/2/24,141.227493,145.067505,137.559998,144.990005,144.765167,44832000
2021/2/25,140.455002,143.747498,132.162506,133.074997,132.868637,82443600
2021/2/26,137.524994,138.544998,133.610001,137.145004,136.932343,50093200
2021/3/1,138.75,139.25,135.532501,138.417496,138.20285,35318400
2021/3/2,139,139.205002,133.960007,134.0625,133.85463,26411600
2021/3/3,134.262497,134.514999,127.987503,128.047501,127.848923,37759200
2021/3/4,128.007507,129.75,120.837502,123.702499,123.510681,57334400
2021/3/5,125.5,125.5,116.792503,124.614998,124.421761,54284000
2021/3/8,124.5,124.712502,115.665001,115.932503,115.752739,54311200
2021/3/9,121.302498,126.167503,120.592499,125.202499,125.051491,52182400
2021/3/10,128.404999,129.800003,124.574997,124.682503,124.532135,38437600
2021/3/11,129.5,130.462494,127.345001,129.934998,129.77829,29991600
2021/3/12,126.482498,128.887497,125.900002,128.559998,128.404968,24396400
2021/3/15,128.647507,132.067505,127.672501,131.912506,131.753418,22198800
2021/3/16,133.565002,135.125,131.167496,132.912506,132.752197,27212800
2021/3/17,130.397507,134.532501,129.895004,133.412506,133.251617,24386400
2021/3/18,131.365005,131.839996,127.169998,127.224998,127.071564,29389600
2021/3/19,127.5,129.214996,126.125,128.457504,128.302582,29920800
2021/3/22,129.127502,133.945007,129.067505,131.862503,131.703476,29780400
2021/3/23,132.542496,133.445007,130.212494,130.707504,130.549866,22204800
2021/3/24,131.512497,131.592499,126.3675,126.43,126.277527,24584000
2021/3/25,124.995003,127.147499,122.720001,125.352501,125.201332,29514400
2021/3/26,125.544998,128.5625,123.735001,128.392502,128.237656,36396800
2021/3/29,128.202499,130.625,127,129.482498,129.326324,27352000
2021/3/30,128.419998,129.752502,127.050003,128.717499,128.562256,20020400
2021/3/31,130.154999,134.705002,129.824997,133.482498,133.321518,31477600
2021/4/1,135.722504,138.699997,135.112503,138.117493,137.950912,30827600
2021/4/5,138.675003,140.139999,137.330002,139.875,139.706299,25567200
2021/4/6,139.997498,140.542496,137.735001,138.615005,138.44783,19174400
2021/4/7,138.807495,142.434998,137.115005,141.434998,141.26442,25128400
2021/4/8,142.527496,144.714996,142.490005,143.169998,142.997314,24441600
2021/4/9,142.139999,144.080002,141.75,144,143.826309,19517200
2021/4/12,142.897507,153.524994,141.392502,152.089996,151.90657,86932400
2021/4/13,152.315002,157,151.257507,156.794998,156.605896,67621200
2021/4/14,156.25,157.205002,152.274994,152.770004,152.585739,38550000
2021/4/15,156.625,162.142502,156.315002,161.372498,161.177856,59848000
2021/4/16,160.529999,161.657501,158.652496,159.125,158.93309,33520800
2021/4/19,155.365005,158.074997,152.330002,153.617493,153.43222,40442000
2021/4/20,153.232498,154.970001,149.630005,151.712494,151.52951,33413200
2021/4/21,151.1875,153.625,151.022507,153.604996,153.419739,21677600
2021/4/22,153.75,154.384995,147.835007,148.502502,148.32341,27778800
2021/4/23,149.342499,153.350006,149.002502,152.652496,152.468399,22750000
2021/4/26,151.850006,154.789993,151.25,154.779999,154.593323,19779600
2021/4/27,155.785004,156.705002,153.544998,153.817505,153.632004,16457200
2021/4/28,153.645004,155.322495,152.154999,152.767502,152.583237,20941600
2021/4/29,154,154.365005,150.714996,153.247498,153.062668,17319600
2021/4/30,151.744995,153.649994,149.970001,150.095001,149.913986,20191200
2021/5/3,151.25,152.467499,147.875,148.367493,148.188553,20391200
2021/5/4,146.372498,146.375,140.102493,143.512497,143.339417,40532400
2021/5/5,147.089996,148.134995,143.875,144.585007,144.410629,29202400
2021/5/6,144.952499,145.712494,142.179993,145.229996,145.05484,19338000
2021/5/7,148.082504,149.707504,146.717499,148.122498,147.943848,22932800
2021/5/10,147.872498,148.059998,142.5,142.657501,142.485443,26890400
2021/5/11,138.25,143.547501,137.5,143.0625,142.889954,28558400
2021/5/12,140.095001,142.602493,137.092499,137.585007,137.419067,30340800
2021/5/13,140.337494,140.807495,134.589996,136.652496,136.487671,28540400
2021/5/14,138.899994,143.279999,137.485001,142.429993,142.258224,25861600
2021/5/17,141.570007,141.692505,138.535004,141.654999,141.484177,21698000
2021/5/18,142.669998,144.042496,140.039993,140.157501,139.98848,18625600
2021/5/19,135.664993,140.794998,135.432495,140.657501,140.487869,34400000
2021/5/20,143.024994,146.837494,142.705002,146.125,145.948776,32159200
2021/5/21,151.637497,152.220001,148.695007,149.917496,149.736664,67299200
2021/5/24,152.125,157.449997,151.759995,156.119995,155.931717,55481600
2021/5/25,157.660004,158.184998,154.824997,156.477493,156.288773,43540800
2021/5/26,157.342499,157.9375,155.862503,157,156.810638,37044000
2021/5/27,156.997498,157.5,154.600006,154.880005,154.693237,58147600
2021/5/28,155.009995,162.774994,155.009995,162.445007,162.249084,64453600
2021/6/1,162.699997,163.882507,159.032501,162.645004,162.448822,47280400
2021/6/2,162.522507,169.1875,162.354996,167.782501,167.580139,59416800
2021/6/3,167.007507,172.589996,165.830002,169.697495,169.492828,58000800
2021/6/4,171.125,176.610001,170.955002,175.782501,175.570526,61712000
2021/6/7,175.712494,178.125,171.927505,176.190002,175.977524,57575600
2021/6/8,175.272507,176.214996,172.509995,174.570007,174.359467,32384800
2021/6/9,175.157501,175.75,172.557495,173.582504,173.412888,38165600
2021/6/10,173.5,174.919998,171.759995,174.25,174.079742,28777200
2021/6/11,174.794998,179.392502,174.4375,178.252502,178.078339,41630800
2021/6/14,179.059998,180.395004,176.627502,180.1875,180.011429,32137600
2021/6/15,179.149994,180.162506,177.279999,177.884995,177.711182,24303200
2021/6/16,177.907501,179.547501,175.845001,178.102493,177.928467,30712400
2021/6/17,177.744995,188.350006,177.5625,186.572495,186.390182,80965600
2021/6/18,187.839996,193.75,185.839996,186.387497,186.205368,96885600
2021/6/21,184.352493,185.365005,178.227493,184.272507,184.092438,67238400
2021/6/22,184.714996,189.637497,183.860001,188.867493,188.682938,58014400
2021/6/23,190.077499,191.527496,189.077499,190.572495,190.386261,33235600
2021/6/24,192.277496,194.199997,190.882507,192.054993,191.867325,32092400
2021/6/25,192.804993,193.455002,188.945007,190.309998,190.124023,27836400
2021/6/28,193.612503,200.787506,193.190002,199.850006,199.654724,49543600
2021/6/29,198.824997,200.987503,196.570007,200.267502,200.071793,36763200
2021/6/30,199.992493,201.625,198.637497,200.024994,199.829529,32656800
2021/7/1,201.25,204.559998,200.190002,202.119995,201.922501,48013600
2021/7/2,204.402496,205.052505,202.877502,204.869995,204.669815,34276400
2021/7/6,207.375,208.419998,203.502502,206.985001,206.782745,44670800
2021/7/7,208.535004,208.75,203.320007,203.717499,203.518433,41842800
2021/7/8,198.565002,201.330002,197.007507,199.027496,198.833008,50330000
2021/7/9,199.625,200.802505,197.542496,200.502502,200.30661,29662400
2021/7/12,202.399994,205.327499,201.877502,205.125,204.924561,32198400
2021/7/13,204.005005,204.612503,201.139999,202.5,202.302139,29070800
2021/7/14,203.577499,204.177505,197.527496,198.414993,198.221115,38010000
2021/7/15,198.117493,198.470001,188.585007,189.662506,189.477203,55056400
2021/7/16,190.304993,191.570007,180.729996,181.610001,181.432526,68822400
2021/7/19,179.152496,190.419998,178.654999,187.797501,187.613983,74906000
2021/7/20,187.300003,188.380005,181.639999,186.119995,185.938141,43468700
2021/7/21,188.820007,195.270004,187.419998,194.100006,193.910339,37101700
2021/7/22,196.419998,198.869995,192.759995,195.940002,195.748535,32382600
2021/7/23,196.559998,197,192.5,195.580002,195.388885,19567200
2021/7/26,193.110001,194.419998,189.139999,192.940002,192.75148,20394300
2021/7/27,192.649994,196.220001,187.410004,192.080002,191.892319,24886300
2021/7/28,193.190002,196.460007,189.949997,195.029999,194.839432,20219100
2021/7/29,195.190002,198.529999,193.279999,196.619995,196.427872,19078100
2021/7/30,194.179993,196.300003,192.630005,194.990005,194.799469,18349700
2021/8/2,197,199.610001,193.610001,197.5,197.307007,21744400
2021/8/3,197.399994,202.220001,192.199997,198.149994,197.95636,30181100
2021/8/4,199.899994,203.179993,198.279999,202.740005,202.541916,23130900
2021/8/5,205,207.330002,203.419998,206.369995,206.168335,21143500
2021/8/6,205.240005,205.699997,202.100006,203.660004,203.460983,17849700
2021/8/9,204.460007,205.080002,201.429993,202.949997,202.751678,14644300
2021/8/10,203.220001,204.300003,198.350006,199.360001,199.165207,17923800
2021/8/11,200.429993,200.490005,194.300003,196.990005,196.797516,18592500
2021/8/12,198.699997,200.289993,196.199997,199.050003,198.855499,15165200
2021/8/13,199.050003,202.139999,198.509995,201.880005,201.682755,18306300
2021/8/16,201.350006,202.869995,194.529999,199.5,199.305069,21087600
2021/8/17,196.850006,197.699997,192.669998,194.580002,194.389877,20458500
2021/8/18,195,196.339996,190,190.399994,190.213943,28591300
2021/8/19,194.940002,204.949997,187.619995,197.979996,197.78656,76655500
2021/8/20,199.910004,208.649994,199.330002,208.160004,207.956604,67574100
2021/8/23,209.710007,219.970001,209.5,219.580002,219.365448,57580700
2021/8/24,217.529999,219.589996,215.350006,217.929993,217.717041,29729900
2021/8/25,217.369995,224.699997,217.220001,222.130005,221.912964,34770100
2021/8/26,222,223.399994,217.899994,220.679993,220.464371,23794000
2021/8/27,221.839996,227.220001,221.669998,226.360001,226.138809,30472200
2021/8/30,228.300003,230.429993,225.509995,226.880005,226.65831,26258000
2021/8/31,226.949997,226.949997,221.199997,223.850006,223.6707,25985000
2021/9/1,224.850006,226.970001,223.570007,224.410004,224.230255,20176700
2021/9/2,225.179993,225.929993,222.949997,223.960007,223.780624,18783400
2021/9/3,223.25,229.860001,222,228.429993,228.24704,28053200
2021/9/7,228.330002,228.990005,225.220001,226.619995,226.438477,19810700
2021/9/8,225.130005,226.100006,219.770004,223.389999,223.211075,25443400
2021/9/9,223.119995,225.380005,221.309998,221.770004,221.592377,19685600
2021/9/10,223.479996,226.259995,222.699997,224.779999,224.59996,24837600
2021/9/13,226.839996,229.639999,218.580002,221.520004,221.342575,29750000
2021/9/14,222.75,224.100006,220.860001,222.419998,222.241852,19975500
2021/9/15,223.089996,223.669998,219.660004,223.410004,223.231064,16653800
2021/9/16,221.830002,222.770004,219.270004,222.419998,222.241852,15603300
2021/9/17,223,223.210007,218.300003,219,218.824585,29450300
2021/9/20,211.460007,214.330002,206.619995,211.130005,210.960892,34944000
2021/9/21,214.169998,214.25,209.5,212.460007,212.289841,20468800
2021/9/22,213.660004,219.600006,211.960007,219.410004,219.234268,26872600
2021/9/23,221.399994,225.350006,218.899994,224.820007,224.639923,24855500
2021/9/24,220.699997,221.490005,218.610001,220.809998,220.633133,21765500
2021/9/27,217.100006,217.990005,213.25,216.600006,216.426514,24521500
2021/9/28,212.139999,214.190002,206.509995,206.990005,206.824219,34306900
2021/9/29,209.399994,210.169998,204.669998,205.169998,205.005661,21839400
2021/9/30,207.679993,210.660004,206.880005,207.160004,206.994064,22100900
2021/10/1,207.5,208.589996,202.029999,207.419998,207.25386,24097800
2021/10/4,205.039993,205.419998,195.550003,197.320007,197.161957,34563500
2021/10/5,199.5,206.479996,198.539993,204.509995,204.346191,27928200
2021/10/6,201.199997,207.199997,200.800003,207,206.834183,29720200
2021/10/7,210.919998,213.220001,209.720001,210.75,210.581192,25691900
2021/10/8,211.009995,212.059998,207.75,208.309998,208.143143,15125800
2021/10/11,205.75,210.630005,205.110001,206.949997,206.784241,16338800
2021/10/12,208.279999,210.570007,205.279999,206.710007,206.544434,16213400
2021/10/13,209.179993,209.899994,207.130005,209.389999,209.222275,18065200
2021/10/14,212.880005,217.550003,211.220001,217.460007,217.285843,24358900
2021/10/15,218.100006,219.309998,216.619995,218.619995,218.444885,22699400
2021/10/18,217.490005,222.910004,216.440002,222.220001,222.042007,18949400
2021/10/19,222.759995,223.789993,220.369995,222.899994,222.721466,16147300
2021/10/20,223.050003,224.330002,219.820007,221.029999,220.852951,14627600
2021/10/21,220.970001,227.110001,220.830002,226.919998,226.738251,18759000
2021/10/22,228.229996,231.300003,225.610001,227.259995,227.077972,24938400
2021/10/25,229.729996,233.550003,227.699997,231.660004,231.474457,23023500
2021/10/26,239.889999,252.589996,239.240005,247.169998,246.972015,48589800
2021/10/27,244.740005,250.899994,242.820007,244.509995,244.314148,24599000
2021/10/28,248.779999,249.5,245.229996,249.410004,249.210236,23420400
2021/10/29,250.009995,257.089996,250,255.669998,255.465225,29250300
2021/11/1,256.48999,258.940002,252.270004,258.269989,258.06311,26574000
2021/11/2,258.220001,266.779999,258,264.01001,263.798553,29411200
2021/11/3,266.700012,267.839996,262.350006,265.980011,265.766968,23991000
2021/11/4,272.290009,313.649994,271.179993,298.01001,297.771301,115363100
2021/11/5,301.869995,314,294.100006,297.519989,297.281708,85126000
2021/11/8,301.48999,311,299.070007,308.040009,307.793274,50310100
2021/11/9,322.820007,323.100006,299.640015,306.570007,306.324463,64674600
2021/11/10,293.559998,308.5,287.779999,294.589996,294.354034,63620600
2021/11/11,304.679993,305.899994,297.769989,303.899994,303.656586,33217200
2021/11/12,300.100006,306.799988,296.299988,303.899994,303.656586,41305400
2021/11/15,305.519989,306.440002,292.470001,300.25,300.009521,38490900
2021/11/16,297.589996,303.899994,297.059998,302.029999,301.788086,26448400
2021/11/17,304.179993,305.089996,288,292.609985,292.37561,42850800
2021/11/18,323.670013,327.600006,313.209991,316.75,316.496338,78171100
2021/11/19,322.429993,330.880005,319.049988,329.850006,329.585815,53386700
2021/11/22,335.170013,346.470001,319,319.559998,319.304016,75433500
2021/11/23,315.350006,323.600006,308.799988,317.459991,317.20575,53216300
2021/11/24,314.609985,328.549988,309.279999,326.73999,326.478241,43516200
2021/11/26,326,327.100006,313.5,315.029999,314.777618,28306900
2021/11/29,323.660004,334.119995,320.359985,333.76001,333.492676,45496400
2021/11/30,331.690002,333.529999,318.640015,326.76001,326.49826,62206600
2021/12/1,332.190002,332.890015,313.799988,314.350006,314.136688,48436800
2021/12/2,312.140015,324.779999,310.25,321.26001,321.041992,47289000
2021/12/3,320,321.290009,301.299988,306.929993,306.72171,54432500
2021/12/6,298.799988,302.410004,280.380005,300.369995,300.166168,65893800
2021/12/7,309.570007,324.48999,306.51001,324.269989,324.049927,59305300
2021/12/8,319.98999,322.899994,314.209991,318.26001,318.044006,47555100
2021/12/9,317.339996,322.049988,304.279999,304.899994,304.693054,48850700
2021/12/10,311.5,313.049988,298.609985,301.980011,301.775085,48882500
2021/12/13,302.48999,302.940002,281.160004,281.609985,281.418884,59834400
2021/12/14,276.98999,286.779999,272.5,283.369995,283.177673,66703500
2021/12/15,284,305,278.380005,304.589996,304.383301,69829700
2021/12/16,311.519989,311.600006,280.929993,283.869995,283.677338,70736600
2021/12/17,279.850006,289.220001,277.600006,278.01001,277.82132,71375800
2021/12/20,273.049988,281.440002,271.450012,277.190002,277.001892,46184700
2021/12/21,283.73999,291.200012,274.01001,290.75,290.552673,52438500
2021/12/22,288.910004,295.549988,284.48999,294,293.800507,39518400
2021/12/23,297.549988,300.589996,294.309998,296.399994,296.198822,34302200
2021/12/27,296.600006,310.869995,296.399994,309.450012,309.240021,40368600
2021/12/28,313.119995,313.299988,300.119995,303.220001,303.014221,42059100
2021/12/29,302.730011,305.480011,293.660004,300.01001,299.806396,34313900
2021/12/30,298.269989,304.570007,295.399994,295.859985,295.65921,30886400
2021/12/31,296.73999,300.299988,293.309998,294.109985,293.9104,26653000
2022/1/3,298.149994,307.109985,297.850006,301.209991,301.005585,39154700
2022/1/4,302.769989,304.679993,283.48999,292.899994,292.701202,52715400
2022/1/5,289.48999,294.160004,275.329987,276.040009,275.852661,49806400
2022/1/6,276.399994,284.380005,270.649994,281.779999,281.588776,45418600
2022/1/7,281.410004,284.220001,270.570007,272.470001,272.285095,40993900
2022/1/10,265.809998,274.690002,256.440002,274,273.814056,59468100
2022/1/11,273.230011,280.649994,268.390015,278.170013,277.981232,40408900
2022/1/12,280.670013,285.950012,276.079987,279.98999,279.799988,38341300
2022/1/13,283.790009,284.799988,264.980011,265.75,265.569672,54017100
2022/1/14,263,271.970001,262.100006,269.420013,269.237183,39583200
2022/1/18,262.600006,266.380005,257.700012,259.029999,258.854218,42427000
2022/1/19,260.790009,265.429993,250.520004,250.669998,250.499893,48831500
2022/1/20,253.039993,255.789993,240.779999,241.5,241.336105,43518100
2022/1/21,235.070007,248.229996,232.630005,233.740005,233.58139,71895800
2022/1/24,223.300003,233.800003,208.880005,233.720001,233.561401,91398200
2022/1/25,225.460007,229.429993,220,223.240005,223.088516,66461600
2022/1/26,232.399994,240.570007,223,227.720001,227.56546,75595900
2022/1/27,235.679993,239.949997,216.75,219.440002,219.291092,57335300
2022/1/28,220.119995,228.580002,212.960007,228.399994,228.244995,54377400
2022/1/31,231.820007,245.089996,230.520004,244.860001,244.693832,56468000
2022/2/1,251.039993,251.449997,238.899994,246.380005,246.212799,51892500
2022/2/2,257.940002,258.170013,245.529999,252.419998,252.248703,54341900
2022/2/3,244.580002,250.770004,237.800003,239.479996,239.317459,41017800
2022/2/4,239.720001,246.350006,236.320007,243.190002,243.024963,35482900
2022/2/7,243.720001,251.820007,242.020004,247.279999,247.112183,37686800
2022/2/8,243.589996,252.300003,239.800003,251.080002,250.909622,41035900
2022/2/9,256.220001,267.25,253.529999,267.049988,266.868744,52428200
2022/2/10,259.950012,269.25,256,258.23999,258.064728,51320000
2022/2/11,259.160004,261.519989,237.729996,239.490005,239.327469,60547200
2022/2/14,239.339996,248.75,237.550003,242.669998,242.50531,44042400
2022/2/15,249.490005,265.450012,247.839996,264.950012,264.770203,69986900
2022/2/16,262.589996,265.820007,255.520004,265.109985,264.930084,73267600
2022/2/17,256.299988,257.850006,241.649994,245.070007,244.903702,81059500
2022/2/18,246.679993,249.860001,231,236.419998,236.259567,76125500
2022/2/22,230.350006,240.639999,230,233.899994,233.741272,63342200
2022/2/23,238.020004,241.550003,223.009995,223.869995,223.718079,56651100
2022/2/24,210.149994,238,208.899994,237.479996,237.318832,73580100
2022/2/25,237.210007,242.169998,233.809998,241.570007,241.406067,52886600
2022/2/28,239.919998,246.649994,237.070007,243.850006,243.684525,47731900
2022/3/1,242.910004,243.770004,231.320007,234.770004,234.610687,41205600
2022/3/2,237.559998,244.089996,234.149994,242.199997,242.076874,38964200
2022/3/3,242.619995,243.259995,234.690002,237.139999,237.01944,36509500
2022/3/4,233.839996,236.800003,224.820007,229.360001,229.243408,43141500
2022/3/7,228.169998,230.330002,213.300003,213.520004,213.411453,45082100
2022/3/8,213.089996,223.729996,206.5,215.139999,215.030624,55746700
2022/3/9,223.869995,232.199997,222.470001,230.139999,230.022995,49274200
2022/3/10,225.309998,227.880005,218.820007,226.580002,226.464813,42806600
2022/3/11,230.220001,231.449997,220.460007,221,220.88765,36720900
2022/3/14,218.690002,222.619995,211.589996,213.300003,213.191559,38535400
2022/3/15,215.179993,230.380005,213.220001,229.729996,229.613205,49199600
2022/3/16,235,245.970001,231.720001,244.960007,244.83548,67142200
2022/3/17,241.199997,248.419998,239.059998,247.660004,247.534103,47194100
2022/3/18,247.990005,265.690002,246.240005,264.529999,264.395508,73071900
2022/3/21,265.070007,271.519989,259.670013,267.339996,267.204102,59172700
2022/3/22,267.269989,272.380005,260.720001,265.23999,265.105164,54700700
2022/3/23,261.26001,266.119995,255.75,256.339996,256.209686,50212000
2022/3/24,261.660004,283.200012,259.070007,281.5,281.356903,87737900
2022/3/25,278.859985,283.579987,272.709991,276.920013,276.779236,57901600
2022/3/28,277.559998,282.5,272.059998,282.190002,282.046539,42549400
2022/3/29,286.950012,289.459991,279.799988,286.559998,286.414337,48898400
2022/3/30,283.040009,284.959991,275.029999,276.899994,276.759247,46348700
2022/3/31,277.820007,282.480011,272.700012,272.859985,272.721283,52344000
2022/4/1,273.75,274.959991,262.670013,267.119995,266.984222,51723500
2022/4/4,267.279999,275.579987,266.130005,273.600006,273.460938,39712000
2022/4/5,272.540009,273.190002,258.200012,259.309998,259.178192,43661500
2022/4/6,249.339996,253,240.029999,244.070007,243.945923,70383300
2022/4/7,244.410004,247.220001,234.779999,242.080002,241.95694,55799200
2022/4/8,239.169998,239.229996,230.619995,231.190002,231.072479,52478100
2022/4/11,222.139999,223.199997,216.600006,219.169998,219.058578,57520700
2022/4/12,225.369995,227.25,212.820007,215.039993,214.930664,66225800
2022/4/13,217.279999,225,214.550003,222.029999,221.917114,51694300
2022/4/14,225.050003,227.770004,211.630005,212.580002,212.471924,56909700
2022/4/18,212,220.880005,210.789993,217.830002,217.719269,52570100
2022/4/19,217.199997,223.729996,213.139999,221.979996,221.867142,51278100
2022/4/20,225.169998,226.699997,212,214.820007,214.7108,46897400
2022/4/21,217.089996,223.919998,200,201.830002,201.727402,65620900
2022/4/22,203.029999,204.860001,195,195.149994,195.050797,62471300
2022/4/25,192.020004,199.449997,190.960007,199.020004,198.918823,64156600
2022/4/26,197.179993,197.880005,186.699997,187.880005,187.784485,65314300
2022/4/27,185.979996,191.669998,182.899994,184.149994,184.056381,49946000
2022/4/28,189.669998,200.369995,184.899994,197.820007,197.719452,57032700
2022/4/29,194.020004,201.279999,185.169998,185.470001,185.375717,50043500
2022/5/2,185.410004,195.740005,183.910004,195.330002,195.230698,57204900
2022/5/3,194,198.25,191.330002,196.020004,195.920364,47575100
2022/5/4,199.229996,204,187.509995,203.339996,203.236618,64885500
2022/5/5,198.669998,199.25,185,188.440002,188.344208,62633100
2022/5/6,187.360001,195.119995,179.899994,186.75,186.65506,63329700
2022/5/9,180.339996,182.550003,168.270004,169.5,169.413834,64445500
2022/5/10,176.889999,181.979996,170.25,175.949997,175.86055,76147400
2022/5/11,173.470001,177.529999,165.679993,166.300003,166.215454,67016700
2022/5/12,162.190002,167.880005,155.669998,161.75,161.66777,70872800
2022/5/13,167.880005,179.279999,165.929993,177.059998,176.969986,67043700
2022/5/16,175.089996,177.880005,171.059998,172.639999,172.552231,52144600
2022/5/17,180.740005,183.710007,176.339996,181.770004,181.677597,58583000
2022/5/18,177.050003,181.179993,168.639999,169.380005,169.2939,54516100
2022/5/19,169.369995,176.869995,167.339996,171.240005,171.152954,62131000
2022/5/20,173.320007,174.100006,157.550003,166.940002,166.855133,73910500
2022/5/23,162.740005,169.149994,161.789993,168.979996,168.894089,63988900
2022/5/24,165.100006,165.970001,157.800003,161.539993,161.45787,58855000
2022/5/25,160.199997,171.110001,160,169.75,169.663696,78113200
2022/5/26,160.360001,180.919998,160.220001,178.509995,178.41925,99657500
2022/5/27,181.860001,188.809998,181,188.110001,188.014374,73837900
2022/5/31,189.800003,192,183.5,186.720001,186.625076,66410000
2022/6/1,187.240005,190.529999,181.220001,183.199997,183.106857,54451400
2022/6/2,182.919998,196.190002,181.979996,195.919998,195.820404,64865600
2022/6/3,190.820007,193.320007,185.220001,187.199997,187.104828,59877900
2022/6/6,191.389999,193.369995,185.639999,187.860001,187.764511,42240600
2022/6/7,184.720001,190,181.880005,189.259995,189.163773,38891400
2022/6/8,187.990005,191.800003,185.350006,186.479996,186.424591,36325200
2022/6/9,184.809998,189.330002,180.410004,180.479996,180.426376,39557400
2022/6/10,176,176.970001,168.690002,169.740005,169.689575,46524800
2022/6/13,160,163.119995,156.059998,156.470001,156.423523,60415300
2022/6/14,157.309998,160.660004,154.119995,158.360001,158.312958,46968000
2022/6/15,160.949997,168.679993,159.259995,165.270004,165.220901,56393600
2022/6/16,158.600006,159.419998,154.009995,156.009995,155.963654,54574900
2022/6/17,156.479996,159.949997,153.279999,158.800003,158.752823,63033400
2022/6/21,164.75,170.080002,164.070007,165.660004,165.610794,48308900
2022/6/22,162.259995,166.619995,161.800003,163.600006,163.551407,43713500
2022/6/23,165.190002,165.850006,158.529999,162.25,162.201797,46368000
2022/6/24,165,171.399994,163.100006,171.259995,171.209122,47215300
2022/6/27,173.119995,173.300003,166.259995,168.690002,168.639893,42796800
2022/6/28,169,172.020004,159.449997,159.820007,159.772537,46114900
2022/6/29,158.139999,158.199997,151.699997,155.419998,155.373825,48235200
2022/6/30,153.610001,155.669998,148.619995,151.589996,151.544968,68607000
2022/7/1,148.990005,150.630005,143.919998,145.229996,145.186859,57761000
2022/7/5,141.75,149.710007,140.550003,149.639999,149.595551,65139700
2022/7/6,150.100006,153.190002,147.889999,151.300003,151.255051,52906600
2022/7/7,154.559998,159.449997,153.889999,158.580002,158.532898,49290300
2022/7/8,154.300003,160.369995,153.889999,158.380005,158.332962,46797200
2022/7/11,155.259995,155.270004,150.380005,151.520004,151.474991,43732100
2022/7/12,152.679993,154.309998,148.770004,150.820007,150.775208,45848300
2022/7/13,145.899994,153.75,144.649994,151.639999,151.594955,52191800
2022/7/14,151.080002,154.729996,147.279999,153.720001,153.674332,45623500
2022/7/15,156.589996,157.820007,154.449997,157.619995,157.573166,38593500
2022/7/18,163.020004,168.970001,160.020004,161.009995,160.962158,67051700
2022/7/19,164.860001,171.100006,161.720001,169.919998,169.869522,70236600
2022/7/20,169.470001,179.330002,168.009995,178.070007,178.017105,76053800
2022/7/21,178.850006,181.440002,175.449997,180.5,180.446381,55704900
2022/7/22,178.929993,179.669998,171.369995,173.190002,173.13855,53667100
2022/7/25,170.190002,171.240005,166.490005,170.240005,170.189438,48074800
2022/7/26,168.889999,169.190002,164.779999,165.330002,165.280884,39786500
2022/7/27,170.320007,179.360001,169.130005,177.899994,177.847153,56977600
2022/7/28,179.75,181.399994,174.399994,179.839996,179.786575,47464600
2022/7/29,178.130005,182.440002,176.919998,181.630005,181.57605,43546000
2022/8/1,181.820007,188.460007,179.899994,184.410004,184.355225,47646900
2022/8/2,181.220001,189.380005,180.919998,185.259995,185.204956,48952700
2022/8/3,181.839996,189.679993,181.369995,188.929993,188.873871,41814600
2022/8/4,188.490005,192.740005,187.600006,192.149994,192.092911,40965200
2022/8/5,188.100006,192.289993,186.660004,189.889999,189.833588,38606800
2022/8/8,175.020004,182.389999,172.419998,177.929993,177.877136,98185900
2022/8/9,172.520004,174.470001,167.240005,170.860001,170.80925,66826300
2022/8/10,176.979996,181.179993,173.169998,180.970001,180.916245,59742200
2022/8/11,181.309998,187.070007,178.759995,179.419998,179.366699,50932700
2022/8/12,181.600006,187.179993,179.529999,187.089996,187.034424,47809400
2022/8/15,187.009995,191.639999,186.130005,190.320007,190.263474,45766600
2022/8/16,189.199997,191.419998,185.009995,188.789993,188.733902,45124000
2022/8/17,185.229996,186.880005,181.449997,183.350006,183.295532,44679900
2022/8/18,183.009995,188.649994,181.830002,187.729996,187.674225,41544700
2022/8/19,184.059998,185.199997,177.699997,178.490005,178.436981,44158800
2022/8/22,174.899994,175.580002,169.660004,170.339996,170.289398,40959300
2022/8/23,169.889999,174.649994,169.699997,171.809998,171.758957,36998600
2022/8/24,170.119995,174.059998,168.949997,172.220001,172.168839,52266100
2022/8/25,168.440002,179.470001,168.330002,179.130005,179.076797,77069100
2022/8/26,178.570007,179.240005,162.369995,162.600006,162.551697,76912700
2022/8/29,160.199997,163.380005,157.669998,158.009995,157.963058,49613200
2022/8/30,159.600006,160.389999,151.820007,154.679993,154.634048,53018100
2022/8/31,153.839996,155.399994,149.589996,150.940002,150.895157,57371000
2022/9/1,142.089996,143.800003,132.699997,139.369995,139.328598,117886500
2022/9/2,141,141.710007,135.910004,136.470001,136.429459,74259000
2022/9/6,137.309998,137.789993,133.509995,134.649994,134.610001,53575100
2022/9/7,135.630005,138.380005,133.460007,137.139999,137.139999,51265700
2022/9/8,134.589996,140.080002,133.690002,139.899994,139.899994,62487300
2022/9/9,141.570007,144.740005,141.259995,143.869995,143.869995,48661200
2022/9/12,143.690002,145.470001,141.979996,145.050003,145.050003,48415900
2022/9/13,138.020004,139.220001,130.990005,131.309998,131.309998,71495600
2022/9/14,132.539993,132.899994,129.130005,131.279999,131.279999,58850700
2022/9/15,130.149994,132.330002,127.900002,129.289993,129.289993,52362500
2022/9/16,127.419998,132.119995,126.169998,131.979996,131.979996,66999100
2022/9/19,130.119995,134.630005,130.100006,133.820007,133.820007,56968500
2022/9/20,132.149994,134.830002,130.570007,131.759995,131.759995,52481800
2022/9/21,132.130005,140.309998,131.100006,132.610001,132.610001,80767900
2022/9/22,130.699997,131.490005,124.279999,125.610001,125.610001,75916200
2022/9/23,124.199997,126.110001,122.57,125.160004,125.160004,66184000
2022/9/26,124.910004,126.589996,122.139999,122.279999,122.279999,54734300
2022/9/27,125.07,127.360001,122.580002,124.129997,124.129997,55385400
2022/9/28,124.099998,128.229996,123.540001,127.360001,127.360001,54241400
2022/9/29,124.480003,125,119.459999,122.199997,122.199997,53276300
2022/9/30,120.870003,126.330002,120.75,121.389999,121.389999,56486900
2022/10/3,123.470001,126.779999,121.050003,125.120003,125.120003,54747800
2022/10/4,128.789993,132.199997,128.789993,131.669998,131.669998,58418200
2022/10/5,129.110001,133.210007,126.209999,132.089996,132.089996,50713100
2022/10/6,132.199997,136.559998,131.029999,131.300003,131.300003,64415700
2022/10/7,125.050003,126.699997,120.220001,120.760002,120.760002,67168900
2022/10/10,120.370003,121.239998,114.080002,116.699997,116.699997,69869900
2022/10/11,115.610001,118.459999,112.830002,115.860001,115.860001,66748200
2022/10/12,115.790001,117.349998,113.449997,115,115,49259000
2022/10/13,109.709999,120.779999,108.129997,119.599998,119.599998,85010300
2022/10/14,120.57,121.110001,112.040001,112.269997,112.269997,71255100
2022/10/17,115.18,119.480003,115.169998,118.879997,118.879997,58077400
2022/10/18,123.440002,124.919998,116.18,119.669998,119.669998,65936200
2022/10/19,118.790001,123.5,118.339996,120.510002,120.510002,52313100
2022/10/20,121.129997,127.690002,121.050003,121.940002,121.940002,65239800
2022/10/21,120.980003,124.980003,118.870003,124.660004,124.660004,60893800
2022/10/24,125.080002,127.099998,120.639999,125.989998,125.989998,51745700
2022/10/25,126.940002,133,126.639999,132.610001,132.610001,50548200
2022/10/26,128.690002,133.880005,127.080002,128.960007,128.960007,53295300
2022/10/27,136.300003,138.380005,131.220001,131.759995,131.759995,58311300
2022/10/28,131.039993,138.5,130.610001,138.339996,138.339996,52104000
2022/10/31,137.779999,138.380005,132.970001,134.970001,134.970001,48634100
2022/11/1,138.110001,139.25,135.190002,135.429993,135.429993,43227300
